Title,Href
Archive | DevDungeon,https://www.devdungeon.com/archive
DevDungeon | Virtual Hackerspace,https://www.devdungeon.com#main-content
DevDungeon | Virtual Hackerspace,https://www.devdungeon.com/
Languages | DevDungeon,https://www.devdungeon.com/content/languages
C | DevDungeon,https://www.devdungeon.com/content/c
Go | DevDungeon,https://www.devdungeon.com/content/go
Python | DevDungeon,https://www.devdungeon.com/content/python
JavaScript | DevDungeon,https://www.devdungeon.com/content/javascript
Java | DevDungeon,https://www.devdungeon.com/content/java
PHP | DevDungeon,https://www.devdungeon.com/content/php
Ruby | DevDungeon,https://www.devdungeon.com/content/ruby
Topics | DevDungeon,https://www.devdungeon.com/topics
Android | DevDungeon,https://www.devdungeon.com/content/android
Arduino | DevDungeon,https://www.devdungeon.com/content/arduino
Minecraft | DevDungeon,https://www.devdungeon.com/content/minecraft
Philosophy & Soft Skills | DevDungeon,https://www.devdungeon.com/content/philosophy-soft-skills
SQLite | DevDungeon,https://www.devdungeon.com/content/sqlite
Sysadmin | DevDungeon,https://www.devdungeon.com/content/sysadmin
Projects | DevDungeon,https://www.devdungeon.com/projects
Binaural Beat Generator | DevDungeon,https://www.devdungeon.com/content/binaural-beat-generator
Chatty Cathy | DevDungeon,https://www.devdungeon.com/content/chatty-cathy
Cookbook | DevDungeon,https://www.devdungeon.com/cookbook
DevNix | DevDungeon,https://www.devdungeon.com/devnix
Help Desk Bot | DevDungeon,https://www.devdungeon.com/content/help-desk-bot
Ip2Kml | DevDungeon,https://www.devdungeon.com/content/ip2kml
